,color1,color2,color3,color4
0,#ffffff,#7b6a56,#151419,#aeaeb0
1,#dcdcdc,#23272a,#72777a,#d0d772
2,#ffffff,#c5c1be,#7c716d,#3d2f26
3,#ffffff,#bebebe,#563526,#89806f
4,#ffffff,#bda98e,#2a251f,#9d6240
5,#afafaf,#040404,#fcfcfc,#71645b
6,#cbcbbf,#080202,#a48e55,#782d17
7,#d4c7bf,#988c74,#4e4139,
8,#d4c7bf,#988c74,#4e4139,
9,#ccbfaf,#130e0a,#776757,
10,#ccbfaf,#130e0a,#776757,
11,#eeeeee,#0e0903,#a8adb1,#70726d
12,#ffffff,#b7a69f,#352c2f,#7b675e
13,#dbc593,#484c3d,#b0603b,#ffffef
14,#eeedeb,#887d7b,#241f1b,
15,#eeedeb,#887d7b,#241f1b,
16,#c3beb8,#fffdf3,#533b23,#789b61
17,#ffffff,#a7a3a0,#716057,#301400
18,#d5d8df,#5b5e65,#1b1b1b,#9d9ca1
19,#d4d0c5,#353420,#8c8278,
20,#d4d0c5,#353420,#8c8278,
21,#cccbd0,#8a8a8a,#14100d,#565044
22,#b5afa3,#090810,#ffffff,#715641
23,#040404,#ffffff,#524235,#a5a29d
24,#ffffff,#a19d9a,#45342a,#b2703c
25,#39291c,#9d938a,#e0dbd7,
26,#39291c,#9d938a,#e0dbd7,
27,#bda79a,#6b5140,#f4ebe4,#130b09
28,#8e837f,#faf0e6,#4e3b2d,#090000
29,#ebe9ea,#7e6046,#271910,#9bacb6
30,#e5d7d4,#a66d62,#322113,#fbc652
31,#ffffff,#1a130d,#b3b0ab,#6d523e
32,#c5a991,#fffffb,#000000,#643426
33,#ffffff,#7e7e7e,#242b35,#cbc0b4
34,#000000,#705238,#c9b89e,
35,#000000,#705238,#c9b89e,
36,#d1d1c9,#6f6251,#2d2010,
37,#d1d1c9,#6f6251,#2d2010,
38,#d0b77f,#7b6647,#292315,#f9f7e0
39,#b2b2b2,#ffffff,#0e0c0d,#7f766f
40,#c4c9cd,#998b5a,#423815,
41,#c4c9cd,#998b5a,#423815,
42,#ffffff,#b6a88b,#131218,#715f55
43,#5c4c32,#d5cdca,#8c8278,#130200
44,#ffffff,#bebdc3,#74563a,#db9b51
45,#ffffff,#b8b09d,#695435,#0f0200
46,#777066,#cfc9b9,#2b2320,
47,#777066,#cfc9b9,#2b2320,
48,#dabca0,#241104,#86655d,
49,#dabca0,#241104,#86655d,
50,#8f9b77,#3c3626,#fdfdfd,
51,#8f9b77,#3c3626,#fdfdfd,
52,#f7f6f4,#12150c,#c7b08e,#816e46
53,#dfdfdd,#66615d,#000000,#cba278
54,#ffffff,#c5b68f,#352214,#81755b
55,#f9faff,#a88e91,#52151c,
56,#f9faff,#a88e91,#52151c,
57,#ffffff,#2d313d,#c4b49d,#8a5f46
58,#85807a,#000000,#c3bab3,#613f22
59,#dfdfdf,#868686,#312622,
60,#dfdfdf,#868686,#312622,
61,#9a9290,#5e5047,#ded9d5,
62,#9a9290,#5e5047,#ded9d5,
63,#cca07b,#4d2d18,#fffeff,#736564
64,#9b8971,#5d4638,#cac0b7,#090502
65,#ffffff,#a58e6c,#5d3b20,
66,#ffffff,#a58e6c,#5d3b20,
67,#ffffff,#d1c0b8,#917e6f,#503e2e
68,#4d4731,#ffffff,#ad9b94,
69,#4d4731,#ffffff,#ad9b94,
70,#ffffff,#050304,#44434b,#acaba9
71,#3c3733,#ab9f8f,#ebeef3,
72,#3c3733,#ab9f8f,#ebeef3,
73,#ccbb9f,#fffffb,#614424,
74,#ccbb9f,#fffffb,#614424,
75,#c2cacc,#191516,#544f55,#b6716e
76,#ffffff,#bcbcbc,#191919,#b97464
77,#ffffff,#95756a,#160000,#a6cdce
78,#c7af95,#000000,#695137,
79,#c7af95,#000000,#695137,
80,#242015,#ffffff,#726b59,#cdc5b2
81,#7d7367,#dbcbbc,#000000,
82,#7d7367,#dbcbbc,#000000,
83,#7c6150,#281e15,#f8fdff,#d7c3a8
84,#463420,#ffffff,#a29992,
85,#463420,#ffffff,#a29992,
86,#ffffff,#707169,#310e0a,#a9abaa
87,#381a10,#ffffff,#a37e54,#d6c3a2
88,#c9c8d0,#898989,#004532,#b89e29
89,#ffffff,#b2aba5,#342218,#8d6452
90,#cecece,#020202,#8e9794,#57463e
91,#5e5452,#c2c2c2,#221914,#4172c0
92,#010000,#b58557,#f9f3de,#5e2a18
93,#c8c1c9,#0f0b1a,#7f727b,#cf252f
94,#f2eeeb,#968b87,#564438,#d1df83
95,#b6a999,#3a231b,#faf9f4,#8f5e35
96,#5d5145,#d9e3db,#9e9c85,
97,#5d5145,#d9e3db,#9e9c85,
98,#afa099,#ffffff,#17151a,#93623a
99,#ccbea1,#feffff,#403323,#8a7651
100,#ffffff,#000000,#938b66,
101,#ffffff,#000000,#938b66,
102,#d4c9c5,#1a1917,#8d7165,
103,#d4c9c5,#1a1917,#8d7165,
104,#dfdae0,#74665b,#140b03,
105,#dfdae0,#74665b,#140b03,
106,#d1d1cf,#515561,#0d0d0b,
107,#d1d1cf,#515561,#0d0d0b,
108,#332e1b,#cdd0bd,#8f9573,
109,#332e1b,#cdd0bd,#8f9573,
110,#ffffff,#bd9f79,#1e0000,#774638
111,#bfbeb9,#6a681e,#000000,#539c71
112,#a09986,#401b08,#d9d5c9,#875c30
113,#e3e3e5,#151922,#7f6e5e,#cbba87
114,#ffffff,#b8b0ae,#2f2725,#88562c
115,#000000,#ffffff,#726248,#b0ada8
116,#b49c82,#584f46,#f2edea,
117,#b49c82,#584f46,#f2edea,
118,#d2c9b8,#383732,#988169,#f0cb58
119,#f4f5ef,#596827,#bcb6a6,
120,#f4f5ef,#596827,#bcb6a6,
121,#acada8,#373334,#ffffff,#5e7688
122,#ffffff,#aba99d,#394657,#0c0c0c
123,#ffffff,#3e2214,#8b9bb5,#b3714e
124,#140a08,#fef7fe,#84785e,#b6d58f
125,#ffffff,#000000,#9e9d98,#5c5b56
126,#b8b7bc,#171310,#fefffa,#73777a
127,#ffffff,#26271f,#9b8f69,#d0ccb3
128,#cacaca,#50474a,#000000,#958e86
129,#383838,#717479,#bdbec2,
130,#383838,#717479,#bdbec2,
131,#fefefe,#18171c,#7c7d78,#c0c1bc
132,#d3d1d2,#615d76,#0f0e15,
133,#d3d1d2,#615d76,#0f0e15,
134,#ffffff,#393a34,#b2ad9a,#8f7039
135,#ffffff,#15110e,#655933,#a5a5a5
136,#ffffff,#b6b3a0,#5a5c51,#04100e
137,#ffffff,#b8ada7,#865544,#33251a
138,#ffffff,#bfbbb8,#1b1a1f,#626367
139,#000000,#e1d6d2,#938072,#772d3a
140,#ffffff,#d2aa86,#1c130c,#7f5e3f
141,#272d2d,#d6b498,#a24941,#65688f
142,#625d4a,#ffffff,#afb4c7,#040502
143,#ffffff,#9b8971,#423b31,
144,#ffffff,#9b8971,#423b31,
145,#ffffff,#080609,#a9a7a8,#4e554d
146,#ffffff,#130f10,#9a9a9a,#585858
147,#fcfcfc,#000000,#beb9b5,#3d3c3a
148,#e5d4ca,#9f9282,#140f0b,#644936
149,#ffffff,#a0a0a0,#1e1916,#895c33
150,#ffffff,#3e3935,#8c8278,#e8c798
151,#483527,#ffffff,#93826e,#e3be87
152,#ffffff,#2c353e,#aca996,
153,#ffffff,#2c353e,#aca996,
154,#ffffff,#b6afa9,#381203,#997b4f
155,#cec9c3,#1e151a,#9f8b72,#b63121
156,#ffffff,#aeaba4,#3c2a1c,
157,#ffffff,#aeaba4,#3c2a1c,
158,#feffff,#332518,#c7b39b,#856f52
159,#b3a394,#211715,#ffffff,#6d5f56
160,#c2c2c2,#6e6e6e,#191a1c,
161,#c2c2c2,#6e6e6e,#191a1c,
162,#ffffff,#aaaaaa,#4c4d48,#0c0c0a
163,#111312,#fafafa,#adabac,#736e6b
164,#ffffff,#bea374,#984b2d,#160000
165,#ffffff,#b3b0a9,#251d1a,#8c6f4f
166,#ffffff,#000000,#2a3c48,#899b9b
167,#ffffff,#83755b,#acacac,#1e1f1a
168,#786d69,#cbc7c4,#312d2a,#b5ca60
169,#ede8e2,#000000,#a99789,#655345
170,#ffffff,#afaca5,#614f39,#170c06
171,#635143,#a49183,#030000,#e9dfd3
172,#2f1c0e,#f7ffff,#936241,#d4af78
173,#fdfdfd,#a6a5a1,#000000,#494748
174,#181914,#cdbba3,#6b6448,#fffffb
175,#eae2cd,#362619,#b6a382,#905e2b
176,#252620,#ffffff,#7f7c69,#bfc1be
177,#ffffff,#413029,#c3a592,
178,#ffffff,#413029,#c3a592,
179,#6d6d6d,#140a08,#a8a8a8,#dce0e9
180,#928163,#443b2a,#cac1b0,
181,#928163,#443b2a,#cac1b0,
182,#c6c2bf,#585244,#0d0c06,
183,#c6c2bf,#585244,#0d0c06,
184,#030104,#a1a0a8,#5c5356,
185,#030104,#a1a0a8,#5c5356,
186,#ffffff,#bc7d6e,#90490f,#d1bfba
187,#cacaca,#040406,#8c8783,
188,#cacaca,#040406,#8c8783,
189,#cfbfb0,#ffffff,#95755e,#3e3129
190,#a79780,#fffffe,#564335,#c43c22
191,#000000,#9ca29e,#e1e2dc,#58554e
192,#ffffff,#c6c1be,#2e2d2b,#887b73
193,#51504c,#040404,#ffffff,#948c8a
194,#ffffff,#676d5f,#000000,#c2c490
195,#a8a499,#f0efea,#4b4b4d,#0f0a04
196,#ffffff,#c5beac,#645e4e,
197,#ffffff,#c5beac,#645e4e,
198,#eaddd7,#020107,#a09081,#50463d
199,#020202,#d1d2e7,#8a898e,#533533
200,#ffffff,#130f0c,#877253,#bcbcbc
201,#ffffff,#d1c1b1,#312d2a,#918160
202,#000000,#ffffff,#565249,#b3b29e
203,#ffffff,#a89c9c,#2e2d32,
204,#ffffff,#a89c9c,#2e2d32,
205,#ffffff,#262012,#a7a599,
206,#ffffff,#262012,#a7a599,
207,#d3d5c8,#000000,#785a3e,#d2a464
208,#ffffff,#101010,#bda873,#6b4b25
209,#f1e4db,#313439,#7e6d63,#ebc175
210,#9e9075,#cdd5e8,#674e2f,#1a1408
211,#ffffff,#b69f7f,#545359,#000000
212,#665b55,#b4aba4,#100b08,#eaeef0
213,#77653f,#0b0708,#e0e0c1,#e3bc31
214,#dcd7d3,#7d6853,#07040b,
215,#dcd7d3,#7d6853,#07040b,
216,#ffffff,#aeafaa,#544b4e,#a44703
217,#171006,#fffcf3,#694f2e,#ac9c7a
218,#757077,#151316,#ffffff,#9fadc0
219,#000000,#f3e2d0,#ab8053,#563919
220,#ffffff,#080808,#a0a168,
221,#ffffff,#080808,#a0a168,
222,#ffffff,#c9ab79,#160100,#634c2d
223,#b09d8e,#000000,#ffffff,#5f4e44
224,#ffffff,#aea79d,#7d3448,#0a0a0a
225,#ffffff,#000000,#666a4f,#b3b3b5
226,#ffffff,#856a55,#bfafa2,#262628
227,#bda486,#dadfe5,#5b3e2c,#b97520
228,#24150e,#e1caa8,#9e8064,
229,#24150e,#e1caa8,#9e8064,
230,#3d271a,#c9bcb3,#5e6b95,#b3533b
231,#aaa39d,#ede8e4,#4d3c34,#070100
232,#ffffff,#a89e95,#5e4b3a,#100a0a
233,#ffffff,#000000,#b8afaa,#766c62
234,#012845,#ffffff,#c1ac93,#7f6d5f
235,#acacac,#76655d,#2b201c,#f7f4ef
236,#ffffff,#cdbca0,#6f6d60,#292313
237,#a49c87,#503d2c,#ffffff,
238,#a49c87,#503d2c,#ffffff,
239,#ffffff,#b7b3b4,#1a1617,#bf6f32
240,#ffffff,#a29084,#3c150e,
241,#ffffff,#a29084,#3c150e,
242,#786d69,#cbc7c4,#312d2a,#b5ca60
243,#b3a791,#686055,#ffffff,#242520
244,#ffffff,#292522,#989284,#acc6dd
245,#a39b98,#ffffff,#5d5d65,#1f2024
246,#c3a37d,#542012,#f2f4f2,#936e26
247,#d0c9c3,#8e7769,#413330,
248,#d0c9c3,#8e7769,#413330,
249,#032437,#bcaf9f,#6d6050,#0e75b3
250,#edeef0,#968f7f,#30261d,
251,#edeef0,#968f7f,#30261d,
252,#f2eeed,#050400,#b6aca2,#544e50
253,#ffffff,#b3b0a9,#000000,#543624
254,#ffffff,#b6aaaa,#312d2e,#78706e
255,#ffffff,#a4a59d,#471105,#6c7059
256,#6c766b,#ffffff,#bcbebd,#242623
257,#ffffff,#b6b1ad,#865544,#2a211a
258,#ffffff,#0e0e0e,#4e4d52,#b0b1b6
259,#ffffff,#b4b4b4,#8b694e,#2a2a28
260,#dfddd1,#1b1926,#b08e73,#495d89
261,#ffffff,#a39e8b,#524b41,
262,#ffffff,#a39e8b,#524b41,
263,#4e3328,#af9c8b,#b9d3ee,#3e7378
264,#d1c1b1,#000000,#fefdff,#77513e
265,#c8b398,#4a2b17,#ffffe9,
266,#c8b398,#4a2b17,#ffffe9,
267,#221b15,#8f714b,#e1debf,#a1110d
268,#ffffff,#ad957b,#4f3429,
269,#ffffff,#ad957b,#4f3429,
270,#95784e,#120b12,#c5beb4,#fffdf3
271,#ffffff,#b6afa5,#292421,#747474
272,#ffffff,#9e896e,#523c25,#dfeb90
273,#b5b2ab,#f4f6f5,#594e4c,#13120e
274,#ffffff,#a8a39f,#7a5d4b,#2e241b
275,#ffffff,#a39276,#000000,#803a18
276,#ffffff,#484848,#9e8c8a,#f9ef90
277,#ac977c,#261e1c,#e4e2bc,
278,#ac977c,#261e1c,#e4e2bc,
279,#1b1718,#aaa097,#ffffff,#715c57
280,#fafff8,#24292d,#b9a783,#6a6a62
281,#8d6448,#070000,#caa382,#fff8df
282,#ffffff,#b2ab99,#403933,
283,#ffffff,#b2ab99,#403933,
284,#ffffff,#a79885,#151410,#5d5d5d
285,#ffffff,#aba7a4,#4a3226,#c3734e
286,#ffffff,#9fa0a2,#495056,#000000
287,#fdfef8,#2e2a27,#a5a09a,#8a554d
288,#ffffff,#aca18f,#010000,#5b5243
289,#b3a290,#e1dcd8,#52412f,#000000
290,#000000,#ffffff,#b28c71,#634527
291,#8c857f,#3e3731,#e6c4a9,#a91009
292,#ffffff,#a2988c,#645f4c,
293,#ffffff,#a2988c,#645f4c,
294,#c8c7cc,#1f1619,#9c897b,
295,#c8c7cc,#1f1619,#9c897b,
296,#c9c4c0,#231f1e,#625b55,
297,#c9c4c0,#231f1e,#625b55,
298,#a2a19c,#575652,#e4eff1,#510b0a
299,#a7a49d,#07080a,#574a41,#fef8ed
300,#ffffff,#c0c1bc,#868478,#2d0a08
301,#ffffff,#bfbfbf,#88837f,#503b26
302,#ffffff,#866254,#070101,#d9c0aa
303,#ffffff,#7f683e,#030400,#e1a66a
304,#ffffff,#c1ae9f,#413937,#8e725a
305,#655c53,#ffffff,#b6ada4,#292017
306,#ffffff,#676767,#221616,#b7c0c0
307,#ffffff,#767f7e,#0e100f,#c4c5b3
308,#282828,#d2dbe0,#8f908b,
309,#282828,#d2dbe0,#8f908b,
310,#ffffff,#a29b91,#474745,#1775b0
311,#c1c1bf,#423a38,#b57d47,#020400
312,#ffffff,#a5a5a5,#3f3631,
313,#ffffff,#a5a5a5,#3f3631,
314,#fefefc,#bdbaaa,#887f69,#2c1e13
315,#b1aca8,#08080a,#ffffff,#7e6958
316,#ffffff,#aaa591,#615339,#cc9211
317,#ffffff,#c5b292,#906342,#0d0d0d
318,#9e9181,#e2d6c6,#443d37,#050100
319,#ffffff,#030301,#cbc4b1,#7b7565
320,#ffffff,#beb7ad,#42271c,#798078
321,#060000,#dedadb,#634f34,#b1a192
322,#827d6a,#d9bea3,#41210c,#fffffe
323,#ffffff,#a49e7c,#5e5641,#110e05
324,#e7e2de,#786859,#bbaa90,#050000
325,#ffffff,#b4b5ad,#5e655e,
326,#ffffff,#b4b5ad,#5e655e,
327,#ffffff,#0a0a0a,#bcbdaf,#4f5150
328,#e3e3e3,#303135,#86817e,#ca4c31
329,#ffffff,#d3c4b1,#17140b,#a46948
330,#dadbdf,#a0a09e,#25201d,
331,#dadbdf,#a0a09e,#25201d,
332,#ac5333,#bea179,#030000,#f6eae0
333,#af986e,#2a252b,#c4e9fc,
334,#af986e,#2a252b,#c4e9fc,
335,#a6ae97,#ffffff,#262520,#5c6070
336,#ffffff,#83847f,#362c22,#d0db85
337,#afaca5,#fafafa,#60615c,#16130e
338,#ffffff,#af3236,#b29a76,#373529
339,#a89682,#060701,#ffffff,#695b41
340,#ffffff,#191410,#b7b9a4,#6a6b6d
341,#ffffff,#1c1924,#c1b3a8,#746b70
342,#b5a77a,#544629,#fffff7,
343,#b5a77a,#544629,#fffff7,
344,#252527,#a7998c,#e0e0de,
345,#252527,#a7998c,#e0e0de,
346,#ffffff,#3a4557,#040000,#ada28e
347,#cfcac6,#030303,#897c76,#61422d
348,#a7a090,#515256,#eceeeb,#050000
349,#ffffff,#a6a5aa,#443c3a,
350,#ffffff,#a6a5aa,#443c3a,
351,#000000,#cacbdd,#ae928f,#373d4d
352,#886d58,#c8bcac,#fffffc,#0c0000
353,#fbfcff,#303032,#b3aaa3,
354,#fbfcff,#303032,#b3aaa3,
355,#ffffff,#c4bdb7,#453331,#957f67
356,#18100e,#766764,#b8a499,#fef4ee
357,#24150e,#ad9c80,#ffffff,#735d46
358,#a9a9a9,#080808,#666666,#ffffff
359,#ffffff,#aba690,#000000,#71432c
360,#333029,#ffffff,#b0b1ac,#8b7156
361,#ffffff,#9b8a6e,#c0c1bc,#3e3428
362,#ffffff,#a8a8a6,#4d4e52,#87a53f
363,#000000,#d8d8d8,#989896,#233872
364,#ffffff,#b7b5a8,#85746d,#231b19
365,#786d69,#cbc7c4,#312d2a,#b5ca60
366,#ffffff,#a9a9a9,#301c1b,#635d59
367,#e2e8e8,#373938,#9e9d98,
368,#e2e8e8,#373938,#9e9d98,
369,#612604,#cd7d3e,#d7dbe4,#7f8e92
370,#eae5e1,#807d84,#23201d,
371,#eae5e1,#807d84,#23201d,
372,#ffffff,#1c1c1c,#9d9998,#63544f
373,#ffffff,#d9b992,#0b0000,#7c5b38
374,#f4f9fd,#a6a19e,#191919,#5a5657
375,#c9c9c7,#0d0b0c,#985633,#649990
376,#a39b98,#050306,#ffffff,#66391a
377,#ffffff,#000000,#7a6355,#b8b1a7
378,#000000,#727270,#cdc6c6,#ffc869
379,#b5936e,#ffffff,#544531,#090c00
380,#c1baa8,#fffffb,#794e21,#1b2022
381,#ffffff,#c6b192,#161513,#705236
382,#5a4e3e,#a69e9b,#14110c,#ffffff
383,#cac4ae,#201c11,#998a69,#fffffa
384,#a77038,#1f0506,#fdfdf4,#e5c791
385,#ffffff,#a89e92,#636267,#232323
386,#ffffff,#7f8289,#4a3932,#e5caa8
387,#ffffff,#baaea0,#675851,#070000
388,#272320,#c4bcb9,#726e62,#fffff8
389,#b8b8b8,#f5f5f5,#272727,#686667
390,#b4b4b4,#232325,#737270,
391,#b4b4b4,#232325,#737270,
392,#a09e92,#504f4a,#fdfdfd,
393,#a09e92,#504f4a,#fdfdfd,
394,#ada282,#fdfdfd,#000000,#5e5046
395,#ffffff,#5e422d,#cbb8aa,#cd5969
396,#e6e0c6,#afa17e,#504a3e,#0a0500
397,#ffffff,#000000,#a2a8a6,#4b4c46
398,#ffffff,#85786f,#3f362d,#f6c4a2
399,#ffffff,#9c9c9c,#62442c,#050303
400,#f4feff,#bda58d,#71645b,#110000
401,#ffffff,#b4ac99,#261908,#72644a
402,#655a58,#aaa9a7,#2c211b,#fff5f4
403,#ffffff,#000000,#876752,#bdb8be
404,#edf2f6,#352b29,#9d9389,
405,#edf2f6,#352b29,#9d9389,
406,#fdfdfd,#adaca7,#715e4f,#1a1915
407,#ffffff,#b8bbc2,#2a292e,#62616d
408,#8a827f,#433e3a,#d8d1cb,#030000
409,#dabc96,#ffffff,#342216,#a47d56
410,#d7d4cd,#504943,#070705,#968f7e
411,#fbdbb4,#8f6336,#2d1d1d,
412,#fbdbb4,#8f6336,#2d1d1d,
413,#ffffff,#000000,#9a9da4,#5c5c5a
414,#ffffff,#5f564d,#000000,#939892
415,#ebece7,#000000,#b99c74,#655a48
416,#ffffff,#949494,#534c46,#0d0e09
417,#ffffff,#b19e8f,#4c4641,#dd6c3a
418,#cdb7a2,#6e4b2b,#0a0000,#fffffc
419,#ffffff,#4c2d19,#787167,#cac4b6
420,#ffffff,#919e80,#1e2515,#616b38
421,#b7b7b7,#434047,#faf9f5,#b66900
422,#ffffff,#a9a69f,#040404,#7c664f
423,#dad7d2,#6d5b47,#131811,
424,#dad7d2,#6d5b47,#131811,
425,#ffffff,#a6a7a1,#000000,#676767
426,#acafb8,#11100c,#e9edf6,#7c6517
427,#ffffff,#a99688,#3d3532,
428,#ffffff,#a99688,#3d3532,
429,#ffffff,#c5c4bf,#918a80,#372f22
430,#ffffff,#515554,#bebebe,#5a9ba9
431,#ffffff,#c0b9a6,#6f776c,#26252b
432,#ffffff,#b19f8b,#5a4942,#180000
433,#57472e,#d6d5d1,#d3a067,#050000
434,#a19376,#141510,#d8dfe5,#854531
435,#ffffff,#a7a8ac,#000000,#626367
436,#ffffff,#b39e8d,#3a1f18,#c8471f
437,#202020,#88867a,#ffffff,#cbc8b9
438,#bbb6b2,#1b1b1d,#faf7f2,#8c6137
439,#0a020d,#958e7c,#ffffff,#5c4928
440,#000000,#687c73,#cfd9ce,#5e3a00
441,#948067,#cdbcaa,#4d3825,
442,#948067,#cdbcaa,#4d3825,
443,#ffffff,#bcbeb9,#5a514a,#0a080b
444,#ffffff,#4e4f4a,#cebbb5,#92a344
445,#f2ead7,#371a0c,#d8a882,#a7683f
446,#ffffff,#000000,#a9a18e,#674c3b
447,#ffffff,#a9aaa5,#171612,#74665d
448,#d3ccc6,#7e7976,#423d39,#000000
449,#ffffff,#000000,#c2b8af,#767f46
450,#fef4d9,#9d9483,#70422a,#0f0e0a
451,#080904,#ffffff,#918a80,#734c1c
452,#cdc6b3,#715f55,#131210,
453,#cdc6b3,#715f55,#131210,
454,#a49a8e,#302d26,#e5fefe,#6a8734
455,#4c3f2f,#838174,#c3ebf6,
456,#4c3f2f,#838174,#c3ebf6,
457,#dfc0a4,#be7b44,#4f3318,
458,#dfc0a4,#be7b44,#4f3318,
459,#ffffff,#14130f,#6b5e4b,#babab8
460,#d4c7b7,#302215,#b4814c,
461,#d4c7b7,#302215,#b4814c,
462,#ead6bb,#211715,#af8764,
463,#ead6bb,#211715,#af8764,
464,#ffffff,#af926a,#4e3028,#e3cea8
465,#f1e7de,#3f352c,#8d8185,
466,#f1e7de,#3f352c,#8d8185,
467,#d7d0ca,#000000,#797778,#841d30
468,#b9bbba,#7b7d7c,#212226,#ecfeff
469,#ffffff,#8c8d85,#515346,#b2c3df
470,#998677,#2e2119,#feffff,#e0cc60
471,#ffffff,#404040,#969b95,#daf1a3
472,#fff5fd,#e0ac73,#090000,#875403
473,#0c0000,#7c421c,#c9834f,#fff48c
474,#2e2f27,#ffffff,#837b64,#d9c48b
475,#cec7bf,#665d54,#14110c,
476,#cec7bf,#665d54,#14110c,
477,#ada097,#51473d,#fef9f3,
478,#ada097,#51473d,#fef9f3,
479,#d4cfcc,#050304,#897c76,
480,#d4cfcc,#050304,#897c76,
481,#ffffff,#b7b3b4,#1a1617,#bf6f32
482,#ffffff,#8a7057,#c5b5a5,#2a1003
483,#ffffff,#b8ada7,#865544,#33251a
484,#918174,#1d1c1a,#ffffff,#c5c5c3
485,#c4b797,#1a1914,#ae7332,#fdfdfd
486,#ffffff,#cdb496,#6d330e,#000000
487,#ffffff,#dac5a6,#272823,#8f7565
488,#eae6da,#000000,#8b8a85,#8e552a
489,#ffffff,#272320,#a1967a,
490,#ffffff,#272320,#a1967a,
491,#ffffff,#202022,#c5b895,#696a65
492,#ffffff,#d2bda2,#231f1c,#8c7f6c
493,#826760,#3f2317,#bfaaa7,#fffbd9
494,#ffffff,#886859,#1f1b1a,#b1c1d3
495,#fffffb,#c1a78e,#27140d,#915b2c
496,#71726d,#b2bcbd,#281f0e,#fffffb
497,#c2b5a5,#403323,#40698a,#bb8d39
498,#192929,#9d9e99,#dedfda,#7b614a
499,#e1d0c0,#816246,#17140d,#db9861
500,#ffffff,#a49c89,#4e4b5e,#431c02
501,#e4f1f9,#bb8642,#c0b8ad,#5b4128
502,#978777,#f5fafe,#493d2d,
503,#978777,#f5fafe,#493d2d,
504,#b3b1a5,#31343b,#f6ffff,
505,#b3b1a5,#31343b,#f6ffff,
506,#0c0e0d,#f9fffb,#afb7ac,#86645b
507,#9d8b7d,#c9c8c3,#3c5748,#a13226
508,#3e3d39,#ffffff,#c1c2bc,#b68655
509,#ffffff,#b7b3b0,#837363,#3c3229
510,#ffffff,#352f23,#c2c6b8,#85775a
511,#ffffff,#330e05,#aaa28f,#6f644e
512,#151016,#8b7d63,#ffffff,#dfc1a9
513,#ffffff,#413424,#978f7a,
514,#ffffff,#413424,#978f7a,
515,#ffffff,#b1aaa0,#473e41,
516,#ffffff,#b1aaa0,#473e41,
517,#dec4ab,#9f7a55,#54361d,
518,#dec4ab,#9f7a55,#54361d,
519,#564535,#bda687,#090000,#f7e6bb
520,#ffffff,#563b30,#7d91b2,#000000
521,#ffffff,#888075,#483f36,#d8b69b
522,#f2eeef,#49352a,#888888,#ebb98c
523,#ffffff,#a8a197,#6d5a4b,#130000
524,#020202,#fcfbff,#b6b5ba,#5c5246
525,#f1f5f8,#493b32,#bda392,
526,#f1f5f8,#493b32,#bda392,
527,#dfdedc,#544a48,#a0a295,#07080d
528,#fafafa,#000000,#b9ac9c,#676a6f
529,#000000,#aa996e,#fafaf8,#665537
530,#a19d91,#e7ebf7,#514837,#1c0700
531,#ababab,#1f1a16,#ecebf0,#7e7242
532,#7f6938,#c2b2a3,#ffffff,#221b15
533,#9a9290,#5d474a,#ffffff,#f1d074
534,#9e9689,#5d5141,#000000,#e5e2db
535,#ffffff,#6d4c2d,#b1afa0,#0a0a0a
536,#ffffff,#b6afa5,#463f37,#a86628
537,#0f080f,#c0a29a,#7d5a54,#ffffff
538,#a89b66,#333230,#f3e1d7,#3f9578
539,#000f14,#e6e6e4,#385857,#9ba788
540,#574143,#ffffff,#b0967d,#100706
541,#ffffff,#070300,#66bee4,#426760
542,#e4e9ef,#abaeb2,#727473,#3d3235
543,#94846a,#d7d4cf,#000000,#6e4d10
544,#c5beb4,#8a7971,#feffff,#2d2b30
545,#000000,#c6bebc,#fefefe,#7b604d
546,#b7b8b2,#000000,#55565b,
547,#b7b8b2,#000000,#55565b,
548,#1b1e23,#67605a,#d7cdce,
549,#1b1e23,#67605a,#d7cdce,
550,#0d0906,#ffffff,#69573f,#9ba59a
551,#8e9796,#000000,#e5eaed,#575757
552,#817964,#2d2317,#e1ded9,
553,#817964,#2d2317,#e1ded9,
554,#c9c6c1,#433125,#766e6b,
555,#c9c6c1,#433125,#766e6b,
556,#ffffff,#949590,#1c1d18,
557,#ffffff,#949590,#1c1d18,
558,#af9272,#563722,#f6e5d2,
559,#af9272,#563722,#f6e5d2,
560,#c6b389,#665b47,#070000,#f4ffff
561,#dad0b5,#8f886c,#0e1215,#e4cf35
562,#c5c1be,#433e38,#9a8874,#000000
563,#0b0a06,#8b7869,#ffffff,#a9ceda
564,#876e50,#33170b,#c9b89c,
565,#876e50,#33170b,#c9b89c,
566,#ffffff,#282425,#8e7b75,#bdb9ba
567,#ffffff,#f5baaa,#9e724d,#60321b
568,#5b544e,#a09991,#ede8e4,#0e0601
569,#b1b0ab,#530f1e,#a67d4e,#fffaae
570,#010508,#3f4b65,#d1cdc4,#8e8843
571,#684328,#888c8f,#090000,#d6d7d2
572,#e7eef4,#0a0e11,#64696f,#bcb5a2
573,#ffffff,#3b271e,#75716e,#abb3b6
574,#ffffff,#3f301b,#cec6b9,#7b797e
575,#858793,#0f0e13,#d0bfb7,#5a5f23
576,#9e6a76,#382b35,#ffffff,#d4b69f
577,#e1dfe0,#0f0a06,#a1a1a1,#6b5030
578,#ffffff,#5b220f,#a49d8a,
579,#ffffff,#5b220f,#a49d8a,
580,#e6ebef,#31343b,#a3a8ae,#4b679c
581,#c7bab1,#000000,#5d5349,#ffffff
582,#ffffff,#b2a89f,#463b37,#8c8a3a
583,#000000,#645538,#de9687,#fffff5
584,#fcfcfc,#9a9ea9,#1b2c33,
585,#fcfcfc,#9a9ea9,#1b2c33,
586,#000000,#524032,#c4af9c,#ffffdd
587,#ffffff,#acacac,#5e3a2c,#040000
588,#c4bcb9,#ffffff,#2a221f,#6e6554
589,#bfb6a7,#68161a,#f0f1f3,#ab784d
590,#b7b0a6,#6f5546,#04373a,#509bae
591,#ffffff,#a6a5aa,#443c3a,
592,#ffffff,#a6a5aa,#443c3a,
593,#ffffff,#795f46,#a3998f,#18130f
594,#f3f7fa,#a9adb0,#944d21,#000002
595,#f1ece8,#c19572,#56453e,#130100
596,#b6bac6,#9e653a,#140300,#3a673e
597,#d3d3d3,#4c5164,#000000,
598,#d3d3d3,#4c5164,#000000,
599,#e1dcc9,#8e7b5a,#170602,
600,#e1dcc9,#8e7b5a,#170602,
601,#92835c,#2e110d,#f4edda,
602,#92835c,#2e110d,#f4edda,
603,#000000,#d1caad,#8c8976,
604,#000000,#d1caad,#8c8976,
605,#322922,#e1d8cf,#8e7b6d,#e8b072
606,#18100e,#7d5039,#b3ac9a,#faf6e2
607,#756355,#2d1505,#fff6d7,#bea894
608,#a2aaad,#f1f3f2,#453224,
609,#a2aaad,#f1f3f2,#453224,
610,#f5f9fc,#bdae9b,#23121c,#9a6b41
611,#ffffff,#7d7874,#0e0e0e,
612,#ffffff,#7d7874,#0e0e0e,
613,#ffffff,#694932,#c9b696,#66799a
614,#ffffff,#b4bccf,#87796e,#393744
615,#fdfdfd,#66543e,#070707,#a8a477
616,#817164,#eaeaea,#3b2a22,#cd8aa9
617,#a99c8b,#eee1d0,#060000,#5e4935
618,#acb2a4,#724f3b,#2e130a,#f4f0e4
619,#95897d,#f7f7f7,#000000,#573f31
620,#372e25,#a3856d,#fffffb,
621,#372e25,#a3856d,#fffffb,
622,#ffffff,#0a0a0a,#837c72,#bdbfbe
623,#c6c7c2,#28241b,#675d54,#47a0c5
624,#ece0d4,#826c54,#070000,#92a8c8
625,#060606,#f8f8f8,#736153,#a4acae
626,#ffffff,#b2b0a3,#756959,#1e1614
627,#ffffff,#bcb9b2,#35372a,#847d61
628,#e3dfd6,#19150c,#a4967b,#645a3e
629,#a6947e,#050503,#565458,#ffffeb
630,#fef9f5,#c1b1a2,#0e0d09,#8a795d
631,#bfb1a4,#8a7562,#433832,#f9f9ff
632,#ae9c6e,#56513e,#0f140e,#f5f6f8
633,#8d867c,#b7bfca,#141519,#88330c
634,#080808,#d4d3cf,#525157,
635,#080808,#d4d3cf,#525157,
636,#a5aaae,#0d0c0a,#ffffff,#5b4e3e
637,#ffffff,#0c0c0c,#bfb9ab,#837363
638,#786449,#d8d9d1,#0f140e,#919fa2
639,#a6987e,#ffffff,#45463e,#aa5120
640,#060606,#d5d4d2,#767573,
641,#060606,#d5d4d2,#767573,
642,#c6b599,#fffffa,#8e7451,#3f2d1f
643,#070604,#929083,#e5e8df,
644,#070604,#929083,#e5e8df,
645,#dcdbd6,#a39b98,#121013,#795e49
646,#ffffff,#bb9c6e,#43311d,
647,#ffffff,#bb9c6e,#43311d,
648,#e4e3e1,#bf936c,#0d0c12,#555555
649,#ffffff,#2b170e,#9b9188,#6b7034
650,#efeff1,#87878f,#484850,#dcb46b
651,#ffffff,#9e9488,#4d1226,#a2fcd5
652,#111113,#95948f,#e9eae5,#3f4f5e
653,#282828,#d8d7dc,#878a93,
654,#282828,#d8d7dc,#878a93,
655,#101d30,#c8b49b,#faf4e3,#726a67
656,#060606,#ffffff,#515149,#aba398
657,#8d7362,#120806,#d2c2b5,
658,#8d7362,#120806,#d2c2b5,
659,#ffffff,#b4ada3,#1a0f0b,#59524c
660,#ffffff,#242527,#c1aea0,#676374
661,#c5c7c6,#63645e,#1a1c1b,
662,#c5c7c6,#63645e,#1a1c1b,
663,#878264,#bbc4bf,#0a0b06,#fbffff
664,#9f9f9f,#faf5cf,#171611,#605543
665,#d0c5b1,#572f0b,#a27e5a,
666,#d0c5b1,#572f0b,#a27e5a,
667,#b8b1ab,#7c5c43,#fffffd,#110d08
668,#ffffff,#141011,#9f9b98,#4d4e49
669,#ebeef5,#a9aeb4,#3f4249,
670,#ebeef5,#a9aeb4,#3f4249,
671,#d4d6e2,#89817f,#2d1912,#244094
672,#000000,#82572c,#fffadf,#c1a980
673,#cccdd1,#161a1b,#8b7e6e,
674,#cccdd1,#161a1b,#8b7e6e,
675,#cdd1d4,#d8a475,#787971,#050505
676,#ffffff,#5b2719,#d0beaa,#a56d5c
677,#040404,#ffffff,#a6a6a6,#494949
678,#ffffff,#a2a2a2,#40362d,#b04c2c
679,#ffffff,#a0968a,#3b1f13,
680,#ffffff,#a0968a,#3b1f13,
681,#ffffff,#b9b6af,#110d0e,#695d5d
682,#79706b,#211c16,#e4dfdb,
683,#79706b,#211c16,#e4dfdb,
684,#c5c7c2,#2a231b,#796d61,#62b8de
685,#fafafa,#afa896,#070000,#775b4f
686,#8a866d,#e9d8d1,#393f31,
687,#8a866d,#e9d8d1,#393f31,
688,#ffffff,#000000,#585045,#b1a79e
689,#ffffff,#bba692,#c6842e,#683300
690,#0c0c0c,#bfb09b,#ffffff,#7c6d58
691,#eaf3fc,#7e746a,#cfb06f,#55301e
692,#c99645,#000000,#e6c69f,#80420b
693,#fbfbfd,#beb6b3,#746f6c,#40231f
694,#ffffff,#d2c2b3,#5b2604,#9d6f4d
695,#fdfdfd,#c5b2a4,#7a6852,#372517
696,#c2c4d3,#89806f,#7d3e13,#040809
697,#f9fafe,#908476,#000000,
698,#f9fafe,#908476,#000000,
699,#ebe0da,#aea795,#000000,#675f48
700,#c6bbb7,#59524c,#ffffff,#ad8a5d
701,#ffffff,#7d7f8b,#433b30,#c9d6a2
702,#aea89a,#676b6e,#f0eedf,#1b1b1b
703,#5a422a,#c3a688,#def2fb,
704,#5a422a,#c3a688,#def2fb,
705,#ffffff,#030102,#5f4c3b,#bababa
706,#f3eddf,#a8aba4,#120e0d,#6c6960
707,#ffffff,#baa391,#1f0c12,#844a22
708,#ffffff,#c3b2ab,#392218,#905825
709,#dce1e4,#18181a,#9da2a5,
710,#dce1e4,#18181a,#9da2a5,
711,#efdabf,#b59272,#4b311a,
712,#efdabf,#b59272,#4b311a,
713,#786d69,#cbc7c4,#312d2a,#b5ca60
714,#726159,#afb3bc,#ffffff,#0f0a07
715,#242424,#636059,#ffffff,#aaaba3
716,#cbb5a8,#080000,#684d44,#c18336
717,#ffffff,#baaca3,#202328,#8d694f
718,#a69f95,#fefefe,#4a4438,#090a05
719,#6b1f0f,#ada090,#eaedf2,#d36a3d
720,#917c61,#d8ccbc,#45382f,
721,#917c61,#d8ccbc,#45382f,
722,#cec4bb,#42433e,#9c7f5f,#040600
723,#ffffff,#b49d8b,#231012,#7c4a29
724,#e5e0dc,#2e2d33,#909285,#a57228
725,#ffffff,#b4b9b3,#474747,
726,#ffffff,#b4b9b3,#474747,
727,#ffffff,#bda38a,#040000,#79634c
728,#ffffff,#253834,#b5c1ad,#7d7670
729,#f0ebd8,#000000,#764525,#a1978b
730,#08070c,#af936e,#ecdcb9,#57544d
731,#ffffff,#b3a091,#7a644d,#24120c
732,#ffffff,#a29a87,#4b4537,#030303
733,#cdc4bd,#2b2120,#666958,
734,#cdc4bd,#2b2120,#666958,
735,#d4c1b3,#ffffff,#3c1c05,#a4846d
736,#917047,#322212,#ffffff,#cdbda6
737,#bebebe,#ffffff,#746d63,#322b23
738,#c5bdbb,#160c0a,#878078,#863a0b
739,#e2d9b8,#95865f,#181411,
740,#e2d9b8,#95865f,#181411,
741,#ffffff,#b6b6b6,#8b7b6b,#241b12
742,#111111,#b4aaa8,#586877,#f7fbff
743,#ffffff,#9c9c9c,#193c14,#6e5f42
744,#d3d3d3,#646965,#312927,
745,#d3d3d3,#646965,#312927,
746,#060702,#805a36,#f9deab,
747,#060702,#805a36,#f9deab,
748,#ffffff,#c2c3be,#505149,#a19b39
749,#ccc8bd,#394456,#61879a,
750,#ccc8bd,#394456,#61879a,
751,#9f8f80,#dfd5cc,#392a25,
752,#9f8f80,#dfd5cc,#392a25,
753,#f5ffff,#c7b295,#8b6f50,#2a1908
754,#636766,#1c1d18,#ffffff,#cba188
755,#080904,#e2c798,#674e30,
756,#080904,#e2c798,#674e30,
757,#ffffff,#98937f,#000000,#62492a
758,#ffffff,#28231f,#c3c0b9,#867b77
759,#9e8d71,#ffffff,#13090a,#514746
760,#dfcdb5,#300e05,#9e805a,
761,#dfcdb5,#300e05,#9e805a,
762,#000000,#b67938,#cbb897,#fffce9
763,#ffffff,#8d867c,#1b1a1f,#9cc1d6
764,#ffffff,#b69874,#1e0000,#76513f
765,#ffffff,#504333,#a29a97,
766,#ffffff,#504333,#a29a97,
767,#bcc1bb,#fafafa,#757470,#18110b
768,#ffffff,#968f89,#32211a,
769,#ffffff,#968f89,#32211a,
770,#ffffff,#b8aea2,#816444,#090908
771,#ffffff,#cec8b8,#332e2a,#827f76
772,#ebdbcb,#8c512f,#ce8b5f,#241911
773,#11140d,#b8b9b4,#4c4e49,#f2f2f2
774,#ffffff,#30353b,#948b7a,
775,#ffffff,#30353b,#948b7a,
776,#ffffff,#827d69,#49312d,#afb1bd
777,#bbb6b2,#000000,#78736f,
778,#bbb6b2,#000000,#78736f,
779,#b1a599,#846c52,#fffffb,#090000
780,#ffffff,#d6b99b,#a16759,#4f1509
781,#ffffff,#665344,#060508,#e8c59f
782,#ffffff,#b7b4ad,#482d18,#8b6d43
783,#848e97,#161616,#615046,#d8d4d5
784,#ffffff,#817664,#0b0b0d,#919fc2
785,#ffffff,#c09c86,#57371e,#eec531
786,#d8d7dc,#806d5e,#0a0a0a,#81a4c8
787,#e8e9eb,#412e20,#866f67,
788,#e8e9eb,#412e20,#866f67,
789,#b7bcc2,#70737a,#191820,#b24910
790,#f9fdfc,#201f24,#969792,#71544e
791,#1c1713,#ffffff,#746b62,#bdad9f
792,#ffffff,#364433,#c3b298,
793,#ffffff,#364433,#c3b298,
794,#ffffff,#91826d,#432817,#aebec6
795,#e3cdb6,#000000,#7d6a5c,#ac390c
796,#ffffff,#a89e95,#312622,#963b0f
797,#8a877e,#4a4742,#d9d3c5,
798,#8a877e,#4a4742,#d9d3c5,
799,#4e4936,#a2996e,#000000,#d0c2bf
800,#ae7256,#160000,#decbbc,#3d4e54
801,#b1948c,#080000,#faf0d5,#ad6b1d
802,#594415,#ffffff,#99916c,#d3cdb0
803,#ffffff,#c4c4c4,#917a6c,#55321d
804,#ffffff,#b8b3af,#000000,#a37855
805,#ffffff,#9c9c9c,#62442c,#050303
806,#ffffff,#352118,#b4a494,#a33f0c
807,#362416,#c9b183,#7f5f39,#fffbe3
808,#d8d9db,#999a95,#35322b,
809,#d8d9db,#999a95,#35322b,
810,#f5e6c9,#b58554,#443e5a,#5d9294
811,#ffffff,#b3a48f,#635d4f,#231d18
812,#b0b8c3,#595e64,#05060a,#fefbfa
813,#ccc8bd,#181310,#827a6f,#8a0810
814,#ffffff,#c2aa86,#c49217,#545330
815,#ffffff,#989085,#32241b,
816,#ffffff,#989085,#32241b,
817,#ffffff,#c8bcac,#807778,#533422
818,#dbd7cc,#7f7667,#312a20,
819,#dbd7cc,#7f7667,#312a20,
820,#ffffff,#8c7a66,#cdbfa2,#140f0c
821,#827c6e,#c9c7b8,#000000,
822,#827c6e,#c9c7b8,#000000,
823,#cac8c9,#a1916d,#0a0000,#66432d
824,#c4c9cf,#312829,#6b7375,#d8a34e
825,#acb2a4,#73523f,#25110a,#fdfdf6
826,#7a7270,#2f2822,#cccdc8,
827,#7a7270,#2f2822,#cccdc8,
828,#ffffff,#a9a09b,#1f1d20,#8f5530
829,#bdae91,#54231c,#9e6a3b,#fbfefe
830,#010000,#b7a58d,#584536,#f7ecd6
831,#ffffff,#dbc3a1,#22231e,#9b7e5c
832,#ffffff,#b8b195,#796b4f,#321914
833,#060604,#ffffff,#8d9a93,#5c4f46
834,#ffffff,#687482,#392316,#f4cb99
835,#fafafa,#a49d97,#544943,#f8d692
836,#ffffff,#b4ae8e,#7a522f,#100805
837,#ffffff,#b0a99f,#3e1e13,#906734
838,#ffffff,#141414,#b2b2b2,#666a6d
839,#ffffff,#1f1f21,#adadab,#625b51
840,#ededef,#261e1b,#b2acac,#655c53
